epoch,train_loss,valid_loss,validation,fool_loss,time
0,11.036526,11.276052,0.526000,11.276052,03:51
1,10.540598,10.636803,0.579000,10.636802,03:34
2,10.387553,10.475727,0.614000,10.475727,03:42
3,10.105721,10.450515,0.625000,10.450514,03:36
4,9.845512,10.156218,0.641000,10.156218,03:46
5,10.015743,10.058006,0.644000,10.058006,03:36
