epoch,train_loss,valid_loss,validation,fool_loss,time
0,10.499108,10.632589,0.673000,10.632590,03:36
1,10.118789,10.257020,0.690000,10.257018,03:34
2,10.086502,10.320023,0.691000,10.320022,03:33
3,10.062595,10.277246,0.682000,10.277245,03:37
4,10.009450,10.282316,0.697000,10.282314,03:34
5,9.862921,10.253115,0.698000,10.253115,03:34
