epoch,train_loss,valid_loss,validation,fool_loss,time
0,10.884319,11.100548,0.595000,11.100548,03:37
1,10.540944,10.751238,0.627000,10.751240,03:34
2,10.303668,10.515339,0.647000,10.515340,03:36
3,10.236353,10.358514,0.646000,10.358513,03:34
4,10.034999,10.262808,0.650000,10.262808,03:36
5,9.907038,10.031407,0.653000,10.031407,03:35
