epoch,train_loss,valid_loss,validation,fool_loss,time
0,10.555680,10.791700,0.652000,10.791701,03:34
1,10.347088,10.561959,0.675000,10.561957,03:34
2,10.161654,10.299495,0.669000,10.299495,03:33
3,10.047344,10.280418,0.667000,10.280419,03:35
4,9.866758,10.265951,0.676000,10.265951,03:34
5,10.049620,10.215783,0.680000,10.215783,03:34
