epoch,train_loss,valid_loss,validation,targeted_validation,div_metric,entropy,fool_loss,time
0,9.404243,9.342318,0.491000,0.000000,777.000000,9.600423,9.342318,03:39
1,9.103699,9.064959,0.490000,0.000000,538.500000,8.528115,9.064959,03:44
