epoch,train_loss,valid_loss,validation,fool_loss,time
0,10.793944,10.825519,0.617000,10.825521,03:48
1,10.349816,10.614554,0.648000,10.614556,03:37
2,10.095075,10.368769,0.649000,10.368768,03:46
3,9.996818,10.319197,0.665000,10.319198,03:36
4,9.892870,10.020784,0.658000,10.020785,03:36
5,9.833074,10.202142,0.665000,10.202142,03:37
