epoch,train_loss,valid_loss,validation,fool_loss,time
0,10.171727,10.380875,0.739000,10.380874,03:46
1,9.825987,10.074086,0.752000,10.074086,03:36
2,9.522401,9.910895,0.751000,9.910895,03:34
3,9.414354,9.696198,0.751000,9.696198,03:35
4,9.439554,9.719126,0.754000,9.719124,03:33
5,9.359967,9.481337,0.750000,9.481337,03:36
