epoch,train_loss,valid_loss,validation,fool_loss,time
0,10.906361,11.080358,0.527000,11.080359,03:35
1,10.398422,10.606828,0.652000,10.606828,03:35
2,10.170149,10.308915,0.652000,10.308915,03:35
3,9.922343,10.158274,0.668000,10.158275,03:34
4,9.796849,10.004011,0.694000,10.004011,03:35
5,9.727354,9.838790,0.697000,9.838789,03:34
