epoch,train_loss,valid_loss,validation,fool_loss,time
0,10.436586,10.726801,0.727000,10.726800,03:35
1,10.017644,10.274555,0.750000,10.274554,03:48
2,9.774177,10.072034,0.730000,10.072035,03:34
3,9.680110,9.843613,0.746000,9.843615,03:34
4,9.458936,9.666237,0.750000,9.666237,03:48
5,9.290872,9.474617,0.743000,9.474617,03:35
