epoch,train_loss,valid_loss,validation,fool_loss,time
0,10.669527,10.793911,0.654000,10.793911,03:45
1,10.273520,10.456312,0.677000,10.456312,03:34
2,10.110948,10.329145,0.662000,10.329147,03:34
3,10.023446,10.158373,0.679000,10.158374,03:33
4,9.852835,10.053376,0.683000,10.053376,03:35
5,9.732811,9.804704,0.685000,9.804706,03:34
