epoch,train_loss,valid_loss,validation,fool_loss,time
0,10.903863,10.978745,0.568000,10.978745,03:49
1,10.197931,10.439893,0.613000,10.439892,03:44
2,10.008776,10.254466,0.640000,10.254465,03:33
3,9.911630,10.024603,0.663000,10.024603,03:34
4,9.899489,10.041490,0.669000,10.041491,03:34
5,9.611986,9.859069,0.669000,9.859069,03:34
