epoch,train_loss,valid_loss,validation,fool_loss,time
0,10.620019,10.665750,0.676000,10.665748,03:44
1,10.417414,10.578252,0.695000,10.578250,03:34
2,10.181508,10.625263,0.686000,10.625265,03:34
3,10.207391,10.472158,0.674000,10.472160,03:32
4,10.064328,10.127918,0.689000,10.127918,03:33
5,9.926339,10.086761,0.689000,10.086759,03:33
